{
    "mean_original_llm_likelihood": 0.09100385460746704,
    "mean_sampled_llm_likelihood": 0.02798246449559217,
    "originals_llm_likelihood": [
        0.12924161553382874,
        0.016332857310771942,
        0.4419189691543579,
        0.204856738448143,
        0.021477600559592247,
        0.7507809400558472,
        0.018207106739282608,
        0.009918872267007828,
        0.021526983007788658,
        0.0020302576012909412,
        0.0006848566699773073,
        0.003211833769455552,
        0.0005186155904084444,
        0.00511982711032033,
        0.0032780205365270376,
        0.0031068134121596813,
        0.0017200869042426348,
        0.1216370239853859,
        0.0006333001074381173,
        0.0005009729648008943,
        0.0005350033170543611,
        0.09369050711393356,
        0.07830792665481567,
        0.2800484597682953,
        0.4572327136993408,
        0.7050984501838684,
        0.006768080405890942,
        0.020025625824928284,
        0.002656839555129409,
        0.0005236426368355751,
        0.0010340702719986439,
        0.010823612101376057,
        0.048121679574251175,
        0.01284270454198122,
        0.9066454172134399,
        0.0032343363855034113,
        0.218788743019104,
        0.053626809269189835,
        0.451320618391037,
        0.128166064620018,
        0.0026771097909659147,
        0.18702387809753418,
        0.00237213890068233,
        0.0004735806433018297,
        0.004698093514889479,
        0.48757851123809814,
        0.1606409102678299,
        0.001065799966454506,
        0.003735230304300785,
        0.052415989339351654,
        0.007541118189692497,
        0.002268402138724923,
        0.03348000347614288,
        0.0017498761881142855,
        0.21996177732944489,
        0.0007006743689998984,
        0.0005444968119263649,
        0.0527946874499321,
        0.0005571512738242745,
        0.042138416320085526,
        0.002013619290664792,
        0.015915125608444214,
        0.034083932638168335,
        0.0018039424903690815,
        0.0008979842532426119,
        0.026995431631803513,
        0.0017262931214645505,
        0.00045571167720481753,
        0.17545676231384277,
        0.0011344256345182657,
        0.001076556509360671,
        0.016074562445282936,
        0.4209938645362854,
        0.002328094793483615,
        0.2289564609527588,
        0.043697673827409744,
        0.02920057624578476,
        0.06044784560799599,
        0.0004963190294802189,
        0.0005369989085011184,
        0.0006057486170902848,
        0.13586680591106415,
        0.34236857295036316,
        0.0029464466497302055,
        0.0014852088643237948,
        0.0005973282386548817,
        0.0005120701971463859,
        0.0009628920815885067,
        0.0004843303468078375,
        0.0009327453444711864,
        0.09818480163812637,
        0.006177186034619808,
        0.00606512650847435,
        0.0008760238415561616,
        0.0006803325959481299,
        0.0004634565266314894,
        0.7003340125083923,
        0.11858481168746948,
        0.08417310565710068,
        0.0030711155850440264,
        0.12111257016658783
    ],
    "sampled_llm_likelihood": [
        0.12924161553382874,
        0.013601783663034439,
        0.0005765062524005771,
        0.008137030526995659,
        0.010008009150624275,
        0.6398333311080933,
        0.002408872824162245,
        0.001205173903144896,
        0.005406105425208807,
        0.0015231522265821695,
        0.00046867175842635334,
        0.0008062795968726277,
        0.0004804749332834035,
        0.0016735864337533712,
        0.0032780205365270376,
        0.0006400566780939698,
        0.0016303648008033633,
        0.0006653972086496651,
        0.000520461006090045,
        0.00048262267955578864,
        0.0004817571898456663,
        0.078643798828125,
        0.005373592954128981,
        0.06565496325492859,
        0.022865302860736847,
        0.3082996606826782,
        0.0030813610646873713,
        0.010757883079349995,
        0.002200174843892455,
        0.00047684964374639094,
        0.0005668832454830408,
        0.0070853764191269875,
        0.0031485483050346375,
        0.00943260919302702,
        0.32904037833213806,
        0.0005631954991258681,
        0.007468931842595339,
        0.050906192511320114,
        0.057570867240428925,
        0.05184287950396538,
        0.0007346373167820275,
        0.0016502141952514648,
        0.0011447917204350233,
        0.0004538458597380668,
        0.0016142220702022314,
        0.14289070665836334,
        0.1287507265806198,
        0.0006623071967624128,
        0.0007663943106308579,
        0.001822135061956942,
        0.002021422144025564,
        0.001152104465290904,
        0.012221412733197212,
        0.0008947337628342211,
        0.034842077642679214,
        0.0005299902404658496,
        0.0005101552815176547,
        0.035472553223371506,
        0.0004887041868641973,
        0.001034482498653233,
        0.0014221265446394682,
        0.006230373401194811,
        0.003064529737457633,
        0.0005035006324760616,
        0.0007564538391306996,
        0.010008178651332855,
        0.00045726035023108125,
        0.0004514109168667346,
        0.010201049037277699,
        0.0006201668875291944,
        0.00045459665125235915,
        0.012342434376478195,
        0.014942734502255917,
        0.001063342671841383,
        0.0025856022257357836,
        0.0008913615602068603,
        0.001059517846442759,
        0.0005877759540453553,
        0.000468822312541306,
        0.00047353963600471616,
        0.0005112942308187485,
        0.023535311222076416,
        0.2571364641189575,
        0.0025452428963035345,
        0.0013006606604903936,
        0.00045812639291398227,
        0.00047180219553411007,
        0.000454663357231766,
        0.0004539399524219334,
        0.0008688759407959878,
        0.004537425935268402,
        0.0029791088309139013,
        0.0051497588865458965,
        0.0007440527551807463,
        0.00046873942483216524,
        0.0004634565266314894,
        0.19540007412433624,
        0.011365502141416073,
        0.02483310177922249,
        0.0026006163097918034,
        0.013659578748047352
    ],