{
    "mean_original_llm_likelihood": 0.03005727556693174,
    "mean_sampled_llm_likelihood": 0.02057773285974186,
    "originals_llm_likelihood": [
        0.7488138675689697,
        0.003758001606911421,
        0.000536602339707315,
        0.004095854237675667,
        0.001727254712022841,
        0.0019262046553194523,
        0.000895592151209712,
        0.007987873628735542,
        0.04708769544959068,
        0.01022165734320879,
        0.07128454744815826,
        0.03633513301610947,
        0.0039157685823738575,
        0.3218686878681183,
        0.003158451523631811,
        0.0031321384012699127,
        0.0006412150105461478,
        0.020190084353089333,
        0.0008588408236391842,
        0.06330320239067078,
        0.0005611794185824692,
        0.016614988446235657,
        0.0007504555396735668,
        0.0009650578140281141,
        0.0006357659585773945,
        0.04689733684062958,
        0.034194737672805786,
        0.0035227304324507713,
        0.004484117031097412,
        0.0032447297126054764,
        0.00529786292463541,
        0.009449733421206474,
        0.0028482323978096247,
        0.025652365759015083,
        0.00510739628225565,
        0.0014768695691600442,
        0.01612698659300804,
        0.02639012597501278,
        0.0035753250122070312,
        0.10172483325004578,
        0.0009678570204414427,
        0.021656496450304985,
        0.011295218020677567,
        0.0016724348533898592,
        0.004609388764947653,
        0.003815910778939724,
        0.0021067687775939703,
        0.0013671338092535734,
        0.01881331205368042,
        0.0017911188770085573,
        0.008368178270757198,
        0.0005649678641930223,
        0.06395085901021957,
        0.002978887874633074,
        0.013590184040367603,
        0.002859920496121049,
        0.005209506489336491,
        0.0012399631086736917,
        0.16860711574554443,
        0.0023151293862611055,
        0.0005582981975749135,
        0.002249279757961631,
        0.0026503405533730984,
        0.0019257079111412168,
        0.04902534559369087,
        0.007042905781418085,
        0.0008592837257310748,
        0.0028102309443056583,
        0.0016092093428596854,
        0.0029254823457449675,
        0.012860273011028767,
        0.10824605822563171,
        0.0005972665385343134,
        0.002682939637452364,
        0.0009647066472098231,
        0.008254346437752247,
        0.003625317942351103,
        0.1269034892320633,
        0.001650212681852281,
        0.005980789195746183,
        0.016290483996272087,
        0.030895378440618515,
        0.009279018267989159,
        0.00480778981000185,
        0.04592622444033623,
        0.029819326475262642,
        0.2247040569782257,
        0.022844960913062096,
        0.009896336123347282,
        0.06825140118598938,
        0.004178138915449381,
        0.0023036859929561615,
        0.0043649571016430855,
        0.0005821853992529213,
        0.04252544790506363,
        0.0017745887162163854,
        0.000872767879627645,
        0.01788540557026863,
        0.0005589043721556664,
        0.0007652537315152586,
        0.15479718148708344
    ],
    "sampled_llm_likelihood": [
        0.7488138675689697,
        0.0030630251858383417,
        0.0005295670125633478,
        0.002357324818149209,
        0.001727254712022841,
        0.0016512704314664006,
        0.0007870395202189684,
        0.007756439503282309,
        0.023482326418161392,
        0.005181462503969669,
        0.05312006175518036,
        0.02922460436820984,
        0.0027876533567905426,
        0.06671634316444397,
        0.001802519429475069,
        0.0010653493227437139,
        0.0006412150105461478,
        0.014505419880151749,
        0.0007213128847070038,
        0.04677204415202141,
        0.0005159045686013997,
        0.015746306627988815,
        0.0006885657203383744,
        0.0008378265774808824,
        0.0006081579485908151,
        0.019600102677941322,
        0.00796041265130043,
        0.0018800158286467195,
        0.003592969151213765,
        0.0021062674932181835,
        0.0024743194226175547,
        0.009449733421206474,
        0.001186378300189972,
        0.018495526164770126,
        0.004139665048569441,
        0.0014121985295787454,
        0.008121054619550705,
        0.01945999450981617,
        0.001679892186075449,
        0.07882410287857056,
        0.0008766484679654241,
        0.01898445561528206,
        0.011295218020677567,
        0.0011193036334589124,
        0.001125612761825323,
        0.0016396528808400035,
        0.001841029734350741,
        0.0008900020038709044,
        0.01779431849718094,
        0.00085131247760728,
        0.008368178270757198,
        0.0005306119564920664,
        0.055628206580877304,
        0.002978887874633074,
        0.013590184040367603,
        0.002826334210112691,
        0.004452470224350691,
        0.0007694253581576049,
        0.12544137239456177,
        0.0023151293862611055,
        0.0005582981975749135,
        0.002249279757961631,
        0.0022789703216403723,
        0.001723777037113905,
        0.013126137666404247,
        0.007042905781418085,
        0.0008463276899419725,
        0.002436807146295905,
        0.0011843048268929124,
        0.0010140971280634403,
        0.0077468231320381165,
        0.0944177582859993,
        0.0005773401353508234,
        0.001762744621373713,
        0.0007549954461865127,
        0.005423176568001509,
        0.0026438094209879637,
        0.01026768609881401,
        0.001548277447000146,
        0.003182249143719673,
        0.008458107709884644,
        0.027221031486988068,
        0.005434460937976837,
        0.003156851977109909,
        0.045229580253362656,
        0.010580716654658318,
        0.1145821213722229,
        0.02073740027844906,
        0.0038665561005473137,
        0.037240948528051376,
        0.0038949933368712664,
        0.002053511096164584,
        0.003976987209171057,
        0.000564881949685514,
        0.03678491339087486,
        0.0013748122146353126,
        0.0008128731278702617,
        0.013201721012592316,
        0.0004898758488707244,
        0.0007338832947425544,
        0.09236517548561096
    ],