{
    "mean_original_llm_likelihood": 0.03875976770417765,
    "mean_sampled_llm_likelihood": 0.02685788480041083,
    "originals_llm_likelihood": [
        0.7488138675689697,
        0.00046718039084225893,
        0.0005607049097307026,
        0.0006262995302677155,
        0.41793057322502136,
        0.0008363903034478426,
        0.0005948739126324654,
        0.0039034271612763405,
        0.0004961522645317018,
        0.0004562891845125705,
        0.0015996142756193876,
        0.0010743958409875631,
        0.0005567452171817422,
        0.13760654628276825,
        0.001633762614801526,
        0.0005699961329810321,
        0.0004600773681886494,
        0.010326739400625229,
        0.0009792433120310307,
        0.00220484659075737,
        0.0005315864109434187,
        0.0007383159827440977,
        0.0005879087257198989,
        0.257619708776474,
        0.002001080894842744,
        0.0005480815889313817,
        0.03144364058971405,
        0.0005510185146704316,
        0.0005082327988930047,
        0.02129645273089409,
        0.0005207402864471078,
        0.0006474991096183658,
        0.006266498006880283,
        0.00187505257781595,
        0.0029290635138750076,
        0.00199833232909441,
        0.004010967444628477,
        0.16926972568035126,
        0.0007070386782288551,
        0.0033638933673501015,
        0.0004946247208863497,
        0.05425148084759712,
        0.004314905032515526,
        0.00047635604278184474,
        0.003435168880969286,
        0.009856922551989555,
        0.0035839821211993694,
        0.000457587419077754,
        0.0007606239523738623,
        0.021244170144200325
    ],
    "sampled_llm_likelihood": [
        0.7488138675689697,
        0.0004622938868124038,
        0.0004738204588647932,
        0.0005696049192920327,
        0.17727592587471008,
        0.00047490675933659077,
        0.0005469134193845093,
        0.0005648771184496582,
        0.0004554259357973933,
        0.00045289983972907066,
        0.0011687029618769884,
        0.0005316773895174265,
        0.0005142113077454269,
        0.13760654628276825,
        0.0007736035622656345,
        0.00047330764937214553,
        0.0004531967861112207,
        0.0024558897130191326,
        0.0006473044049926102,
        0.0017236325656995177,
        0.000464440556243062,
        0.0005900858086533844,
        0.0005500834085978568,
        0.038717642426490784,
        0.0007554185576736927,
        0.0004974782350473106,
        0.0009067976498045027,
        0.0004534229519777,
        0.0004911436117254198,
        0.0024693722371011972,
        0.0005162004381418228,
        0.0005463394336402416,
        0.0011107827303931117,
        0.0009675629553385079,
        0.0006211042054928839,
        0.0010133436881005764,
        0.000831927580293268,
        0.1568373292684555,
        0.0006034033722244203,
        0.0013028435641899705,
        0.00046211195876821876,
        0.04272114858031273,
        0.0037501759361475706,
        0.0004669546615332365,
        0.0010903998045250773,
        0.0004537675704341382,
        0.002225990407168865,
        0.00045471801422536373,
        0.0005197614664211869,
        0.0040638805367052555
    ],
    "original_crits": [
        0.7488138675689697,
        0.00046718039084225893,
        0.0005607049097307026,
        0.0006262995302677155,
        0.41793057322502136,
        0.0008363903034478426,
        0.0005948739126324654,
        0.0039034271612763405,
        0.0004961522645317018,
        0.0004562891845125705,
        0.0015996142756193876,
        0.0010743958409875631,
        0.0005567452171817422,
        0.13760654628276825,
        0.001633762614801526,
        0.0005699961329810321,
        0.0004600773681886494,
        0.010326739400625229,
        0.0009792433120310307,
        0.00220484659075737,
        0.0005315864109434187,
        0.0007383159827440977,
        0.0005879087257198989,
        0.257619708776474,
        0.002001080894842744,
        0.0005480815889313817,
        0.03144364058971405,
        0.0005510185146704316,
        0.0005082327988930047,
        0.02129645273089409,
        0.0005207402864471078,
        0.0006474991096183658,
        0.006266498006880283,
        0.00187505257781595,
        0.0029290635138750076,
        0.00199833232909441,
        0.004010967444628477,
        0.16926972568035126,
        0.0007070386782288551,
        0.0033638933673501015,
        0.0004946247208863497,
        0.05425148084759712,
        0.004314905032515526,
        0.00047635604278184474,
        0.003435168880969286,
        0.009856922551989555,
        0.0035839821211993694,
        0.000457587419077754,
        0.0007606239523738623,
        0.021244170144200325
    ],
    "sampled_crits": [
        0.7488138675689697,
        0.0004622938868124038,
        0.0004738204588647932,
        0.0005696049192920327,
        0.17727592587471008,
        0.00047490675933659077,
        0.0005469134193845093,
        0.0005648771184496582,
        0.0004554259357973933,
        0.00045289983972907066,
        0.0011687029618769884,
        0.0005316773895174265,
        0.0005142113077454269,
        0.13760654628276825,
        0.0007736035622656345,
        0.00047330764937214553,
        0.0004531967861112207,
        0.0024558897130191326,
        0.0006473044049926102,
        0.0017236325656995177,
        0.000464440556243062,
        0.0005900858086533844,
        0.0005500834085978568,
        0.038717642426490784,
        0.0007554185576736927,
        0.0004974782350473106,
        0.0009067976498045027,
        0.0004534229519777,
        0.0004911436117254198,
        0.0024693722371011972,
        0.0005162004381418228,
        0.0005463394336402416,
        0.0011107827303931117,
        0.0009675629553385079,
        0.0006211042054928839,
        0.0010133436881005764,
        0.000831927580293268,
        0.1568373292684555,
        0.0006034033722244203,
        0.0013028435641899705,
        0.00046211195876821876,
        0.04272114858031273,
        0.0037501759361475706,
        0.0004669546615332365,
        0.0010903998045250773,
        0.0004537675704341382,
        0.002225990407168865,
        0.00045471801422536373,
        0.0005197614664211869,
        0.0040638805367052555
    ]
}