{
    "mean_original_llm_likelihood": 0.9379201531410217,
    "mean_sampled_llm_likelihood": 0.8379668593406677,
    "originals_llm_likelihood": [
        0.9379201531410217
    ],
    "sampled_llm_likelihood": [
        0.8379668593406677
    ],
    "original_crits": [
        0.9379201531410217
    ],
    "sampled_crits": [
        0.8379668593406677
    ]
}