{
    "mean_original_llm_likelihood": 0.02611658558835008,
    "mean_sampled_llm_likelihood": 0.018741464905387785,
    "originals_llm_likelihood": [
        0.33439263701438904,
        0.0007617358351126313,
        0.07281364500522614,
        0.004291055258363485,
        0.007078445050865412,
        0.00371871842071414,
        0.0017517070518806577,
        0.00450058002024889,
        0.0013176078209653497,
        0.002183607779443264,
        0.017664790153503418,
        0.009067937731742859,
        0.004873042460530996,
        0.0008327985415235162,
        0.0012967241927981377,
        0.018701381981372833,
        0.014657028019428253,
        0.00047760960296727717,
        0.0019556372426450253,
        0.0008797177579253912,
        0.0005354880704544485,
        0.020955149084329605,
        0.23336872458457947,
        0.0007070498540997505,
        0.0046191830188035965,
        0.0009508585790172219,
        0.25863713026046753,
        0.0032506368588656187,
        0.0009444044553674757,
        0.006622007582336664,
        0.014965084381401539,
        0.13990578055381775,
        0.006569624878466129,
        0.011385220102965832,
        0.01510651782155037,
        0.0021919100545346737,
        0.0005594339454546571,
        0.0031932280398905277,
        0.06147898733615875,
        0.024615390226244926,
        0.008157054893672466,
        0.009568198584020138,
        0.00213790824636817,
        0.001360227121040225,
        0.0008726024534553289,
        0.000702776713296771,
        0.0016825003549456596,
        0.0008706058142706752,
        0.01492558978497982,
        0.0016448644455522299,
        0.06391607224941254,
        0.0010717461118474603,
        0.004325153771787882,
        0.00047544288099743426,
        0.0150624243542552,
        0.0006654162425547838,
        0.008301806636154652,
        0.4991474151611328,
        0.008127902634441853,
        0.03889400139451027,
        0.010544403456151485,
        0.027537262067198753,
        0.0005090070771984756,
        0.03581450879573822,
        0.004304882604628801,
        0.009540410712361336,
        0.007626552600413561,
        0.002054607728496194,
        0.0038068911526352167,
        0.0012354914797469974,
        0.05382246896624565,
        0.0017107079038396478,
        0.0013481784844771028,
        0.004194506909698248,
        0.0032394409645348787,
        0.009799410589039326,
        0.0006952006951905787,
        0.026715990155935287,
        0.0019235509680584073,
        0.0011906991712749004,
        0.0008892348851077259,
        0.0077868737280368805,
        0.010710639879107475,
        0.06101412698626518,
        0.028875218704342842,
        0.003879968309774995,
        0.10947110503911972,
        0.011902346275746822,
        0.0007430915138684213,
        0.08330313861370087,
        0.0050699347630143166,
        0.0005179395084269345,
        0.014889058656990528,
        0.003277430310845375,
        0.0013744288589805365,
        0.019643301144242287,
        0.042767252773046494,
        0.023395279422402382,
        0.0011442209361121058,
        0.002294838661327958,
        0.0015236164908856153
    ],
    "sampled_llm_likelihood": [
        0.33439263701438904,
        0.0007088123820722103,
        0.06447732448577881,
        0.004291055258363485,
        0.006344907451421022,
        0.0016767316265031695,
        0.0016086363466456532,
        0.002785987453535199,
        0.0012905063340440392,
        0.001993847079575062,
        0.011426378041505814,
        0.009067937731742859,
        0.004873042460530996,
        0.0007630137843079865,
        0.001196514698676765,
        0.013798972591757774,
        0.008856646716594696,
        0.0004721392469946295,
        0.0017561601707711816,
        0.0007490834104828537,
        0.0005026808939874172,
        0.02052343636751175,
        0.0979485958814621,
        0.000630311609711498,
        0.002354399533942342,
        0.00077732716454193,
        0.13825975358486176,
        0.002834173385053873,
        0.0008958451799117029,
        0.004576148930937052,
        0.014105534180998802,
        0.12652292847633362,
        0.002266102470457554,
        0.011112776584923267,
        0.0069063627161085606,
        0.0019275600789114833,
        0.0005368110141716897,
        0.0017251576064154506,
        0.06117016449570656,
        0.01873617060482502,
        0.006916600279510021,
        0.007748787757009268,
        0.0010202086996287107,
        0.001360227121040225,
        0.0008411590242758393,
        0.0006703147082589567,
        0.001633818494156003,
        0.0008116590324789286,
        0.013892694376409054,
        0.001453657285310328,
        0.04294203966856003,
        0.0005473793717101216,
        0.004325153771787882,
        0.0004739694995805621,
        0.009293187409639359,
        0.0006068600341677666,
        0.005067890509963036,
        0.29816481471061707,
        0.007053808309137821,
        0.03547443449497223,
        0.010544403456151485,
        0.027537262067198753,
        0.0004933081800118089,
        0.033982280641794205,
        0.0038444995880126953,
        0.007330217398703098,
        0.004903916269540787,
        0.0007780485902912915,
        0.0025242583360522985,
        0.0010372140677645802,
        0.01847151853144169,
        0.0017107079038396478,
        0.0009786232840269804,
        0.004194506909698248,
        0.0014737127348780632,
        0.009799410589039326,
        0.0005213472177274525,
        0.021557072177529335,
        0.0012650525895878673,
        0.0010459476616233587,
        0.0007740547880530357,
        0.006200824864208698,
        0.010710639879107475,
        0.0567229799926281,
        0.02129310369491577,
        0.0033710391726344824,
        0.060733500868082047,
        0.008434326387941837,
        0.0006722118123434484,
        0.06885363161563873,
        0.004270113073289394,
        0.00047704490134492517,
        0.01270358543843031,
        0.0015236223116517067,
        0.0013744288589805365,
        0.013098612427711487,
        0.030667506158351898,
        0.0057225474156439304,
        0.0008475389913655818,
        0.0018150873947888613,
        0.0014870075974613428
    ],