{
    "mean_original_llm_likelihood": 0.22871308425605058,
    "mean_sampled_llm_likelihood": 0.19768842697975753,
    "originals_llm_likelihood": [
        0.7488138675689697,
        0.5070833563804626,
        0.02153944782912731,
        0.17804177105426788,
        0.15792612731456757,
        0.042382266372442245,
        0.002606572350487113,
        0.44186660647392273,
        0.5519179701805115,
        0.05980989709496498,
        0.3542281687259674,
        0.30322542786598206,
        0.0915951207280159,
        0.031184833496809006,
        0.6700999736785889,
        0.3520141541957855,
        0.26188308000564575,
        0.1653212308883667,
        0.3361404240131378,
        0.0442587248980999,
        0.02588586136698723,
        0.4464557468891144,
        0.06805384904146194,
        0.0029092777986079454,
        0.0007647426100447774,
        0.13748538494110107,
        0.10822610557079315,
        0.2284092754125595,
        0.03399402275681496,
        0.5342503190040588,
        0.2258213311433792,
        0.1000070795416832,
        0.014950007200241089,
        0.7178540229797363,
        0.1863386183977127,
        0.0016774757532402873,
        0.014789951033890247,
        0.2777666449546814,
        0.3476620018482208,
        0.028579823672771454,
        0.7520895004272461,
        0.21480634808540344,
        0.5895969867706299,
        0.34190627932548523,
        0.4899146556854248,
        0.6958562135696411,
        0.12421787530183792,
        0.2657400965690613,
        0.10087250918149948,
        0.15534529089927673,
        0.7844145894050598,
        0.368183434009552,
        0.076238714158535,
        0.03228188678622246,
        0.4914894700050354,
        0.019595801830291748,
        0.03836469724774361,
        0.6081957817077637,
        0.1730375736951828,
        0.128573477268219,
        0.6042933464050293,
        0.24962174892425537,
        0.2553093433380127,
        0.02239917777478695,
        0.000902810541447252,
        0.06614747643470764,
        0.017013125121593475,
        0.1281888782978058,
        0.007159046828746796,
        0.010730261914432049,
        0.031120430678129196,
        0.05797826871275902,
        0.16487593948841095,
        0.1197153851389885,
        0.0628228485584259,
        0.8849682807922363,
        0.4946718215942383,
        0.04598163440823555,
        0.3379252552986145,
        0.034224800765514374,
        0.09649327397346497,
        0.03324782848358154,
        0.1311454027891159,
        0.14616040885448456,
        0.2004723846912384,
        0.27477341890335083,
        0.2954263687133789,
        0.20946383476257324,
        0.3361680507659912,
        0.019585469737648964,
        0.09855647385120392,
        0.043099720031023026,
        0.01732271909713745,
        0.4702518880367279,
        0.4020458161830902,
        0.15773221850395203,
        0.6565206050872803,
        0.11806491017341614,
        0.11858747154474258,
        0.03676455467939377,
        0.36754706501960754
    ],
    "sampled_llm_likelihood": [
        0.7488138675689697,
        0.46224507689476013,
        0.009328428655862808,
        0.12376804649829865,
        0.13863079249858856,
        0.0377265028655529,
        0.002606572350487113,
        0.3803567588329315,
        0.5519179701805115,
        0.030695302411913872,
        0.33467331528663635,
        0.29561319947242737,
        0.08389595150947571,
        0.027424054220318794,
        0.6700999736785889,
        0.2596014738082886,
        0.26188308000564575,
        0.14629662036895752,
        0.3361404240131378,
        0.016677657142281532,
        0.02588586136698723,
        0.4464557468891144,
        0.06805384904146194,
        0.0013662406709045172,
        0.000732082175090909,
        0.13748538494110107,
        0.10219927877187729,
        0.2284092754125595,
        0.014876879751682281,
        0.5129762887954712,
        0.10950132459402084,
        0.1000070795416832,
        0.014950007200241089,
        0.7178540229797363,
        0.14843334257602692,
        0.0015459433197975159,
        0.014789951033890247,
        0.24402977526187897,
        0.3476620018482208,
        0.028579823672771454,
        0.716305136680603,
        0.1817307323217392,
        0.5895969867706299,
        0.026067320257425308,
        0.3790205717086792,
        0.5339187383651733,
        0.10104842483997345,
        0.16099782288074493,
        0.10087250918149948,
        0.13876751065254211,
        0.7272048592567444,
        0.368183434009552,
        0.060823239386081696,
        0.03228188678622246,
        0.4914894700050354,
        0.019595801830291748,
        0.014147858135402203,
        0.5780572295188904,
        0.06577687710523605,
        0.128573477268219,
        0.6042933464050293,
        0.20844921469688416,
        0.07084333151578903,
        0.02239917777478695,
        0.0008675701101310551,
        0.052496667951345444,
        0.017013125121593475,
        0.07259153574705124,
        0.005619503557682037,
        0.009653052315115929,
        0.031120430678129196,
        0.05797826871275902,
        0.04274648427963257,
        0.1030554324388504,
        0.0628228485584259,
        0.7724045515060425,
        0.4845380485057831,
        0.027651704847812653,
        0.24595977365970612,
        0.0335724838078022,
        0.03867948055267334,
        0.03324782848358154,
        0.06764030456542969,
        0.14616040885448456,
        0.05194658786058426,
        0.14950233697891235,
        0.2954263687133789,
        0.20946383476257324,
        0.20768338441848755,
        0.019585469737648964,
        0.08447136729955673,
        0.043099720031023026,
        0.01732271909713745,
        0.4702518880367279,
        0.4020458161830902,
        0.1430939882993698,
        0.42172592878341675,
        0.11806491017341614,
        0.11858747154474258,
        0.036258578300476074,
        0.36754706501960754
    ],