{
    "mean_original_llm_likelihood": 0.25280489857274907,
    "mean_sampled_llm_likelihood": 0.24235744810388254,
    "originals_llm_likelihood": [
        0.17511475086212158,
        0.003317943075671792,
        0.002226058393716812,
        0.001176687073893845,
        0.003566695610061288,
        0.001387114287354052,
        0.002502505900338292,
        0.7549465298652649,
        0.49016228318214417,
        0.597443699836731,
        0.2518163323402405,
        0.00843892153352499,
        0.7549465298652649,
        0.005288072396069765,
        0.001897933310829103,
        0.001283787190914154,
        0.7549465298652649,
        0.5611460208892822,
        0.059427306056022644,
        0.0008496296941302717,
        0.001974746584892273,
        0.000926293374504894,
        0.7549465298652649,
        0.0025106719695031643,
        0.13671182096004486,
        0.7549465298652649,
        0.5375630259513855,
        0.5937651991844177,
        0.5280513763427734,
        0.012302877381443977,
        0.7549465298652649,
        0.017560265958309174,
        0.0024563323240727186,
        0.0015846822643652558,
        0.004852100275456905,
        0.0006688903667964041,
        0.7549465298652649,
        0.6699619293212891,
        0.0032491525635123253,
        0.7549465298652649,
        0.5107715129852295,
        0.1253805160522461,
        0.0010349862277507782,
        0.7549465298652649,
        0.5663854479789734,
        0.005491204094141722,
        0.0004632112104445696,
        0.0044325655326247215,
        0.0008091172785498202,
        0.000551000121049583,
        0.0009736643405631185,
        0.025589747354388237,
        0.03353489562869072,
        0.0032366507221013308,
        0.0010134739568457007,
        0.0007574296905659139,
        0.05924878269433975,
        0.0033798327203840017,
        0.7549465298652649,
        0.4985056221485138,
        0.6161714196205139,
        0.010033789090812206,
        0.002364564687013626,
        0.7549465298652649,
        0.001660614158026874,
        0.0013410878600552678,
        0.7549465298652649,
        0.5491204857826233,
        0.7549465298652649,
        0.7588059902191162,
        0.5582893490791321,
        0.0031593136955052614,
        0.002099839737638831,
        0.005775819066911936,
        0.0014426069101318717,
        0.12820278108119965,
        0.0009705792181193829,
        0.002858199877664447,
        0.7549465298652649,
        0.4985056221485138,
        0.4607818126678467,
        0.0005991948419250548,
        0.2886273264884949
    ],
    "sampled_llm_likelihood": [
        0.014956862665712833,
        0.003317943075671792,
        0.002123869489878416,
        0.0009711526799947023,
        0.0014815080212429166,
        0.0011290385155007243,
        0.0017642790917307138,
        0.7549465298652649,
        0.49016228318214417,
        0.597443699836731,
        0.01912297122180462,
        0.006179862190037966,
        0.7549465298652649,
        0.0014021832030266523,
        0.0012130256509408355,
        0.001003159792162478,
        0.7549465298652649,
        0.5611460208892822,
        0.0013424641219899058,
        0.0007821956533007324,
        0.0014434955082833767,
        0.000926293374504894,
        0.7549465298652649,
        0.0016361534362658858,
        0.06179939955472946,
        0.7549465298652649,
        0.5375630259513855,
        0.5937651991844177,
        0.5280513763427734,
        0.009376069530844688,
        0.7549465298652649,
        0.00926237553358078,
        0.001952735590748489,
        0.000600003229919821,
        0.004408210515975952,
        0.0006666642148047686,
        0.7549465298652649,
        0.6699619293212891,
        0.0032491525635123253,
        0.7549465298652649,
        0.5107715129852295,
        0.0767965242266655,
        0.0010276458924636245,
        0.7549465298652649,
        0.5663854479789734,
        0.005491204094141722,
        0.0004610428004525602,
        0.003339292947202921,
        0.0008091172785498202,
        0.0004936280893161893,
        0.0009736643405631185,
        0.025589747354388237,
        0.01036200299859047,
        0.0023211739026010036,
        0.0006471413071267307,
        0.0005907166632823646,
        0.037157561630010605,
        0.0017738431924954057,
        0.7549465298652649,
        0.4985056221485138,
        0.6161714196205139,
        0.005442980211228132,
        0.0013279091799631715,
        0.7549465298652649,
        0.0015550687676295638,
        0.0012947139330208302,
        0.7549465298652649,
        0.5491204857826233,
        0.7549465298652649,
        0.7588059902191162,
        0.5582893490791321,
        0.0030889431945979595,
        0.001640339964069426,
        0.004227189347147942,
        0.0011089846957474947,
        0.11974877864122391,
        0.0009225514950230718,
        0.002858199877664447,
        0.7549465298652649,
        0.4985056221485138,
        0.4607818126678467,
        0.0005944913136772811,
        0.08723045140504837
    ],
    "original_crits": [
        0.17511475086212158,
        0.003317943075671792,
        0.002226058393716812,
        0.001176687073893845,
        0.003566695610061288,
        0.001387114287354052,
        0.002502505900338292,
        0.7549465298652649,
        0.49016228318214417,
        0.597443699836731,
        0.2518163323402405,
        0.00843892153352499,
        0.7549465298652649,
        0.005288072396069765,
        0.001897933310829103,
        0.001283787190914154,
        0.7549465298652649,
        0.5611460208892822,
        0.059427306056022644,
        0.0008496296941302717,
        0.001974746584892273,
        0.000926293374504894,
        0.7549465298652649,
        0.0025106719695031643,
        0.13671182096004486,
        0.7549465298652649,
        0.5375630259513855,
        0.5937651991844177,
        0.5280513763427734,
        0.012302877381443977,
        0.7549465298652649,
        0.017560265958309174,
        0.0024563323240727186,
        0.0015846822643652558,
        0.004852100275456905,
        0.0006688903667964041,
        0.7549465298652649,
        0.6699619293212891,
        0.0032491525635123253,
        0.7549465298652649,
        0.5107715129852295,
        0.1253805160522461,
        0.0010349862277507782,
        0.7549465298652649,
        0.5663854479789734,
        0.005491204094141722,
        0.0004632112104445696,
        0.0044325655326247215,
        0.0008091172785498202,
        0.000551000121049583,
        0.0009736643405631185,
        0.025589747354388237,
        0.03353489562869072,
        0.0032366507221013308,
        0.0010134739568457007,
        0.0007574296905659139,
        0.05924878269433975,
        0.0033798327203840017,
        0.7549465298652649,
        0.4985056221485138,
        0.6161714196205139,
        0.010033789090812206,
        0.002364564687013626,
        0.7549465298652649,
        0.001660614158026874,
        0.0013410878600552678,
        0.7549465298652649,
        0.5491204857826233,
        0.7549465298652649,
        0.7588059902191162,
        0.5582893490791321,
        0.0031593136955052614,
        0.002099839737638831,
        0.005775819066911936,
        0.0014426069101318717,
        0.12820278108119965,
        0.0009705792181193829,
        0.002858199877664447,
        0.7549465298652649,
        0.4985056221485138,
        0.4607818126678467,
        0.0005991948419250548,
        0.2886273264884949
    ],