{
    "mean_original_llm_likelihood": 0.04242966272021035,
    "mean_sampled_llm_likelihood": 0.02173905901404531,
    "originals_llm_likelihood": [
        0.7488138675689697,
        0.00046718039084225893,
        0.0005607049097307026,
        0.0006262995302677155,
        0.41793057322502136,
        0.0008363903034478426,
        0.0005948739126324654,
        0.0039034271612763405,
        0.0004961522645317018,
        0.0004562891845125705,
        0.0015996142756193876,
        0.0010743958409875631,
        0.0005567452171817422,
        0.13760654628276825,
        0.001633762614801526,
        0.0005699961329810321,
        0.0004600773681886494,
        0.010326739400625229,
        0.0009792433120310307,
        0.00220484659075737,
        0.0005315864109434187,
        0.0007383159827440977,
        0.0005879087257198989,
        0.257619708776474,
        0.002001080894842744,
        0.0005480815889313817,
        0.03144364058971405,
        0.0005510185146704316,
        0.0005082327988930047,
        0.02129645273089409,
        0.0005207402864471078,
        0.0006474991096183658,
        0.006266498006880283,
        0.00187505257781595,
        0.0029290635138750076,
        0.00199833232909441,
        0.004010967444628477,
        0.16926972568035126,
        0.0007070386782288551,
        0.0033638933673501015,
        0.0004946247208863497,
        0.05425148084759712,
        0.004314905032515526,
        0.00047635604278184474,
        0.003435168880969286,
        0.009856922551989555,
        0.0035839821211993694,
        0.000457587419077754,
        0.0007606239523738623,
        0.021244170144200325,
        0.0005184344481676817,
        0.015964409336447716,
        0.04384786635637283,
        0.001507521141320467,
        0.0007701398571953177,
        0.41686296463012695,
        0.0011054748902097344,
        0.0005630828090943396,
        0.012461754493415356,
        0.01564113050699234,
        0.7001954913139343,
        0.0005054667126387358,
        0.029953500255942345,
        0.0025607417337596416,
        0.0006876994157209992,
        0.006080495193600655,
        0.0004718240525107831,
        0.0029932132456451654,
        0.0011539150727912784,
        0.0005057386588305235,
        0.006333793979138136,
        0.0010760921286419034,
        0.0012855429667979479,
        0.00046565939555875957,
        0.025814466178417206,
        0.014353016391396523,
        0.006796865724027157,
        0.0007191628101281822,
        0.00048018095549196005,
        0.0007407378870993853,
        0.0036176443099975586,
        0.021377140656113625,
        0.7792007923126221,
        0.0007190959295257926,
        0.0005117440014146268,
        0.000542613270226866,
        0.0004535422776825726,
        0.0010300589492544532,
        0.0006741239922121167,
        0.0005960662965662777,
        0.0038925367407500744,
        0.0004962428356520832,
        0.002465906087309122,
        0.0007323442259803414,
        0.0005697221495211124,
        0.000630420632660389,
        0.004166616592556238,
        0.027049127966165543,
        0.0004616658843588084,
        0.1852310597896576,
        0.0005727020907215774
    ],
    "sampled_llm_likelihood": [
        0.7488138675689697,
        0.0004590173193719238,
        0.0004738204588647932,
        0.0005934643559157848,
        0.11728452146053314,
        0.0005010402528569102,
        0.0005469134193845093,
        0.0008700087782926857,
        0.00046840624418109655,
        0.00045289983972907066,
        0.0011687029618769884,
        0.000893198826815933,
        0.0005337492912076414,
        0.08063017576932907,
        0.0007736035622656345,
        0.0005104505107738078,
        0.0004531967861112207,
        0.008325871080160141,
        0.0006746825529262424,
        0.0009053761605173349,
        0.0004666187160182744,
        0.0007132638711482286,
        0.0005465748254209757,
        0.055140722543001175,
        0.0009767129085958004,
        0.00048350950237363577,
        0.0006670401198789477,
        0.0004760212905239314,
        0.00048489737673662603,
        0.001232328126206994,
        0.0005048144957982004,
        0.0006120046018622816,
        0.0014465096173807979,
        0.0009789916221052408,
        0.001498557860031724,
        0.0011380829382687807,
        0.0014218809083104134,
        0.0827656015753746,
        0.0005890482570976019,
        0.0013707894831895828,
        0.0004638549289666116,
        0.05105454847216606,
        0.0037501759361475706,
        0.0004625515721272677,
        0.0017220047302544117,
        0.0004885939997620881,
        0.002225990407168865,
        0.00045063637662678957,
        0.0005211079842410982,
        0.003846042091026902,
        0.000493837462272495,
        0.0059768445789813995,
        0.0030167673248797655,
        0.001386003801599145,
        0.0004646681481972337,
        0.11974015086889267,
        0.00045883702114224434,
        0.0005330293788574636,
        0.001285775564610958,
        0.003919282928109169,
        0.7001954913139343,
        0.00047738291323184967,
        0.002544645220041275,
        0.0008185355691239238,
        0.0005646997014991939,
        0.0011119106784462929,
        0.00045267431414686143,
        0.0009969016537070274,
        0.0007799147279001772,
        0.0004843282513320446,
        0.0019425851060077548,
        0.0008890687604434788,
        0.0005517890094779432,
        0.0004503147501964122,
        0.0009890509536489844,
        0.004736537579447031,
        0.00283152237534523,
        0.0005956296226941049,
        0.0004726439656224102,
        0.0006097758887335658,
        0.0007482197834178805,
        0.0005416689673438668,
        0.13466627895832062,
        0.0004928964772261679,
        0.0004664365842472762,
        0.000453406129963696,
        0.00045267169480212033,
        0.0006241126684471965,
        0.0004853766586165875,
        0.000502697832416743,
        0.00046614729217253625,
        0.00046553093125112355,
        0.00047834875294938684,
        0.00045798489009030163,
        0.00045990111539140344,
        0.0004999091615900397,
        0.0007898061303421855,
        0.0008412511670030653,
        0.0004501726943999529,
        0.007241660729050636,
        0.0004574380291160196
    ],