{
    "mean_original_llm_likelihood": 0.044736779155440186,
    "mean_sampled_llm_likelihood": 0.023971031636050397,
    "originals_llm_likelihood": [
        0.21412032842636108,
        0.001193292555399239,
        0.0010386776411905885,
        0.007780109066516161,
        0.0032551437616348267,
        0.007268081419169903,
        0.0007447631796821952,
        0.08363252133131027,
        0.2601679265499115,
        0.0006556412554346025,
        0.0018070654477924109,
        0.0004566222778521478,
        0.0009255559998564422,
        0.010949647054076195,
        0.033119551837444305,
        0.13103993237018585,
        0.02150825783610344,
        0.02504883147776127,
        0.0026409642305225134,
        0.657468855381012,
        0.0074172113090753555,
        0.0007197727099992335,
        0.007134649902582169,
        0.006568283308297396,
        0.011171966791152954,
        0.009007816202938557,
        0.0004510837607085705,
        0.0005483276327140629,
        0.003441695123910904,
        0.0033061723224818707,
        0.022441336885094643,
        0.0005660029710270464,
        0.5204718112945557,
        0.016843516379594803,
        0.0005155752296559513,
        0.16537001729011536,
        0.0017274373676627874,
        0.004015198443084955,
        0.0011816262267529964,
        0.005773153156042099,
        0.010268708691000938,
        0.0472235344350338,
        0.004581416957080364,
        0.20659123361110687,
        0.15689067542552948,
        0.02699226513504982,
        0.0022555573377758265,
        0.03153207153081894,
        0.001035464694723487,
        0.06332148611545563,
        0.00045367050915956497,
        0.0007268309709616005,
        0.008064516820013523,
        0.0016370425000786781,
        0.00839473120868206,
        0.0007964404067024589,
        0.0009512786054983735,
        0.004764832090586424,
        0.000581839238293469,
        0.0008956480887718499,
        0.0007070478168316185,
        0.45638880133628845,
        0.013570694252848625,
        0.061631254851818085,
        0.0030213703867048025,
        0.002057415898889303,
        0.0031859648879617453,
        0.0012796060182154179,
        0.7607331871986389,
        0.0023421503137797117,
        0.020497646182775497,
        0.0008366518304683268,
        0.0006199187482707202,
        0.00047097724745981395,
        0.001537915668450296,
        0.040400825440883636,
        0.0006959029706194997,
        0.0008273338316939771,
        0.0010267768520861864,
        0.0010353542165830731,
        0.0021119879093021154,
        0.0016279366100206971,
        0.001772891846485436,
        0.0049481806345283985,
        0.16759563982486725,
        0.021552449092268944,
        0.0005008907755836844,
        0.0013846679357811809,
        0.002856409177184105,
        0.0016425569774582982,
        0.05740891769528389,
        0.0013860441977158189,
        0.00047127678408287466,
        0.0007285643368959427,
        0.0004966500564478338,
        0.0020831830333918333,
        0.0005316380993463099,
        0.0010327257914468646,
        0.042696647346019745,
        0.0007187338778749108,
        0.000546238967217505
    ],
    "sampled_llm_likelihood": [
        0.11183422803878784,
        0.0008737551979720592,
        0.0009149461984634399,
        0.005124486982822418,
        0.002529576886445284,
        0.0033472818322479725,
        0.0006495412671938539,
        0.05191735923290253,
        0.16113580763339996,
        0.0005133104859851301,
        0.0007939122151583433,
        0.0004542275855783373,
        0.0007538709323853254,
        0.010949647054076195,
        0.01269767340272665,
        0.025039125233888626,
        0.009689177386462688,
        0.019881777465343475,
        0.0026409642305225134,
        0.39168602228164673,
        0.0032008718699216843,
        0.0006265870179049671,
        0.0046761822886765,
        0.0020214661490172148,
        0.006341847591102123,
        0.005871361121535301,
        0.00045044225407764316,
        0.00047927486593835056,
        0.002566272160038352,
        0.0014301459304988384,
        0.002167366910725832,
        0.0004989083390682936,
        0.06452719867229462,
        0.006157440599054098,
        0.000503034854773432,
        0.14927862584590912,
        0.0008016912615858018,
        0.002680704928934574,
        0.00062204321147874,
        0.005306675564497709,
        0.0041588046588003635,
        0.0070585631765425205,
        0.0027318382635712624,
        0.07977147400379181,
        0.11018746346235275,
        0.011880637146532536,
        0.0010489918058738112,
        0.02340126968920231,
        0.0008693077252246439,
        0.031160254031419754,
        0.0004489765560720116,
        0.0007268309709616005,
        0.007304454687982798,
        0.0011373736197128892,
        0.005501697771251202,
        0.0006626910762861371,
        0.0006430883659049869,
        0.0027874482329934835,
        0.0005411722231656313,
        0.0007724181632511318,
        0.0006946490611881018,
        0.1524284929037094,
        0.003948592115193605,
        0.019776146858930588,
        0.0014118609251454473,
        0.0011372973676770926,
        0.0025495586451143026,
        0.000869311043061316,
        0.6991145610809326,
        0.000839118380099535,
        0.009540420025587082,
        0.000754671054892242,
        0.0005517890094779432,
        0.0004678419791162014,
        0.0009562621125951409,
        0.027294719591736794,
        0.0005444962880574167,
        0.0007205262081697583,
        0.0007755332626402378,
        0.000833377125672996,
        0.001576332957483828,
        0.0007486559334211051,
        0.0008906968287192285,
        0.0029852534644305706,
        0.02032577432692051,
        0.021552449092268944,
        0.00047960731899365783,
        0.0011956056114286184,
        0.0017611643997952342,
        0.0010741082951426506,
        0.029061371460556984,
        0.0009807288879528642,
        0.00046046479837968946,
        0.000521931448020041,
        0.0004716143012046814,
        0.0015325915301218629,
        0.0004863295762334019,
        0.0007555254269391298,
        0.041544556617736816,
        0.0005173883400857449,
        0.0005132309743203223
    ],